name,character,voice,multiplier,script,output_name
"01 - News Anchor","office","vi-VN-NamMinhNeural",0.40,"Xin chào quý vị và các bạn. Đây là bản tin thời sự công nghệ cập nhật những bước tiến quan trọng nhất trong ngày với tính chính xác và khách quan tuyệt đối.","01_news_anchor.mp4"
"02 - Educational Explainer","office","vi-VN-NamMinhNeural",0.50,"Chào mừng các bạn đến với bài học hôm nay. Để hiểu cách mô hình AI video vận hành, chúng ta sẽ phân tích ba giai đoạn chính từ xử lý âm vị đến đồng bộ khẩu hình.","02_educational_explainer.mp4"
"03 - Cinematic Storytelling","female","vi-VN-HoaiMyNeural",0.50,"Trong một đêm mùa đông tĩnh lặng, một ý tưởng đột phá đã ra đời và thay đổi mãi mãi cách con người kể câu chuyện của mình qua lăng kính điện ảnh số.","03_cinematic_storytelling.mp4"
"04 - Documentary Narrator","office","vi-VN-NamMinhNeural",0.35,"Hàng triệu năm trước, những dấu chân đầu tiên của nền văn minh đã bắt đầu. Qua từng thời kỳ lịch sử, con người luôn khao khát ghi lại tiếng nói của chính mình.","04_documentary_narrator.mp4"
"05 - Podcast Host","female","vi-VN-HoaiMyNeural",0.58,"Thực ra lúc mới bắt đầu, mình cũng từng bối rối. Nhưng khi tự tay trải nghiệm quy trình tạo video AI, bạn sẽ thấy mọi thứ thú vị hơn rất nhiều.","05_podcast_host.mp4"
"06 - Product Showcase","office","vi-VN-NamMinhNeural",0.55,"Bạn mất hàng giờ mỗi ngày để quay và dựng video? Hãy khám phá Video Creative Studio để nâng tầm tốc độ sản xuất nội dung lên đẳng cấp mới ngay hôm nay!","06_product_showcase.mp4"
"07 - Motivational Speaker","office","vi-VN-NamMinhNeural",0.65,"Đừng chờ đợi cho đến khi mọi điều kiện trở nên hoàn hảo. Cơ hội tốt nhất chính là ngay giây phút này. Khi bạn dám bắt đầu, bạn sẽ tạo nên kỳ tích!","07_motivational_speaker.mp4"
"08 - Corporate Briefing","office","vi-VN-NamMinhNeural",0.42,"Kính thưa ban lãnh đạo, trong quý vừa qua hiệu suất vận hành đã tăng trưởng ba mươi lăm phần trăm. Chúng tôi xin tóm tắt các chỉ số trọng yếu như sau.","08_corporate_briefing.mp4"
"09 - Social Creator","female","vi-VN-HoaiMyNeural",0.68,"Dừng lại ba giây nếu bạn vẫn đang làm video theo cách cũ! Đây là bí quyết giúp bạn biến ảnh chân dung thành người dẫn video chỉ bằng một click chuột!","09_social_creator.mp4"
"10 - Calm & Mindful","female","vi-VN-HoaiMyNeural",0.32,"Hãy hít một hơi thật sâu... và thả lỏng toàn bộ cơ thể. Đây là khoảnh khắc để bạn trở về với sự bình yên và an nhiên trong tâm trí.","10_calm_mindful.mp4"
